id,pc_username,function_name,Date in date.month.year,Time
0,Vivobook,__init__,08-04-2026,22:02:52
1,Vivobook,__init__,08-04-2026,22:05:05
2,Vivobook,__init__,08-04-2026,22:07:16
3,Vivobook,gr,09-04-2026,00:33:55
4,Vivobook,gr,09-04-2026,00:34:34
5,Vivobook,gr,09-04-2026,00:37:13
6,Vivobook,gr,09-04-2026,00:37:55
7,Vivobook,gr,09-04-2026,00:41:55
8,Vivobook,gr,09-04-2026,00:42:36
9,Vivobook,gr,09-04-2026,00:42:57
10,Vivobook,gr,09-04-2026,00:43:23
11,Vivobook,gr,09-04-2026,00:43:44
12,Vivobook,gr,09-04-2026,00:44:13
13,Vivobook,gr,09-04-2026,00:44:46
